金融,金融
金融,銀行
金融,証券
金融,ネット証券
金融,商品先物
金融,生命保険
金融,損害保険
金融,消費者金融
金融,クレジットカード
金融,リース
建設・不動産,建設
建設・不動産,不動産
建設・不動産,マンション
建設・不動産,マンション管理
建設・不動産,住宅
建設・不動産,住宅設備
建設・不動産,電気通信工事
建設・不動産,土木
建設・不動産,建設コンサル
建設・不動産,ビル管理
建設・不動産,高速道路
建設・不動産,駐車場
物流・運送,運送
物流・運送,航空
物流・運送,鉄道
物流・運送,海運
物流・運送,倉庫・運輸
IT・メディア,通信
IT・メディア,ＩＴ
IT・メディア,ソフトウェア
IT・メディア,インターネット
IT・メディア,モバイル
IT・メディア,携帯電話
IT・メディア,携帯電話販売
IT・メディア,ネット広告
IT・メディア,テレビ
IT・メディア,広告
IT・メディア,出版
IT・メディア,新聞
IT・メディア,印刷
エネルギー・資源,石油
エネルギー・資源,電力
エネルギー・資源,ガス
エネルギー・資源,化学
エネルギー・資源,塗料
エネルギー・資源,繊維
エネルギー・資源,鉄鋼
エネルギー・資源,非鉄金属
エネルギー・資源,電線
エネルギー・資源,金属製品
エネルギー・資源,ガラス
エネルギー・資源,土石製品
エネルギー・資源,製紙
エネルギー・資源,ゴム・タイヤ
自動車・機械,自動車
自動車・機械,自動車部品
自動車・機械,トラック
自動車・機械,二輪車・バイク
自動車・機械,中古車
自動車・機械,機械
自動車・機械,造船重機
自動車・機械,プラント
自動車・機械,建設機械
自動車・機械,工作機械
自動車・機械,農業機械
自動車・機械,パチンコ（製造）
電機・精密,家電
電機・精密,電気機器
電機・精密,重電
電機・精密,電子部品
電機・精密,精密機器
電機・精密,医療機器
電機・精密,カメラ
電機・精密,時計
電機・精密,OA機器
電機・精密,半導体
食品,食品
食品,食肉
食品,冷凍食品
食品,パン
食品,製粉
食品,菓子
食品,ビール
食品,清涼飲料
食品,水産・農林
食品,農業
食品,飼料
小売・卸,小売
小売・卸,卸売
小売・卸,総合商社
小売・卸,専門商社
小売・卸,百貨店
小売・卸,スーパー
小売・卸,コンビニ
小売・卸,ドラッグストア
小売・卸,調剤薬局
小売・卸,家電量販店
小売・卸,ホームセンター
小売・卸,ディスカウント
小売・卸,100円ショップ
小売・卸,書店
小売・卸,スポーツ用品店
小売・卸,リサイクル
小売・卸,カー用品店
生活関連,トイレタリー
生活関連,製薬
生活関連,インテリア
生活関連,通販
生活関連,文具
生活関連,雑貨
生活関連,スポーツ用品
衣料・装飾,化粧品
衣料・装飾,アパレル
衣料・装飾,紳士服
衣料・装飾,靴
衣料・装飾,メガネ
衣料・装飾,ジュエリー
サービス,サービス
サービス,人材派遣
サービス,教育
サービス,介護
サービス,警備
サービス,冠婚葬祭
サービス,ブライダル
サービス,葬儀
サービス,コンサルティング
飲食,飲食
飲食,カフェ
飲食,ファミレス
飲食,ファーストフード
飲食,焼肉
飲食,寿司
飲食,居酒屋
飲食,中食
娯楽・レジャー,旅行
娯楽・レジャー,ホテル
娯楽・レジャー,レジャー施設
娯楽・レジャー,スポーツクラブ
娯楽・レジャー,ゴルフ場
娯楽・レジャー,カラオケ
娯楽・レジャー,映画
娯楽・レジャー,玩具
娯楽・レジャー,ゲーム